articleLink,imageLink,tag,confidence
http://www.latimes.com/entertainment/tv/la-et-st-romanoffs-review-amazon-20181012-story.html,https://www.latimes.com/resizer/1kSc1mUFSWgUhMhPmfdM9fcEm_A=/1200x0/arc-anglerfish-arc2-prod-tronc.s3.amazonaws.com/public/LFTO4AHTEJEE7GVQOZYTZENLRA.jpg,indoor,0.9856999516487122
http://www.latimes.com/entertainment/tv/la-et-st-romanoffs-review-amazon-20181012-story.html,https://www.latimes.com/resizer/1kSc1mUFSWgUhMhPmfdM9fcEm_A=/1200x0/arc-anglerfish-arc2-prod-tronc.s3.amazonaws.com/public/LFTO4AHTEJEE7GVQOZYTZENLRA.jpg,curtain,0.8840101361274719
https://www.msn.com/en-us/news/politics/if-amazon-can-raise-the-minimum-wage-why-can-e2-80-99t-congress/ar-BBOgXkq,https://cdn.images2.rollcall.com/image/27cf5635a9671932facf9eaaf28bb860456d2c0d8fa9d892971ca7752284a2a3f694222a45edf4131ed6bf50844a038a/author/2018/10/GettyImages-954323434.jpg,person,0.957714855670929
https://www.msn.com/en-us/news/politics/if-amazon-can-raise-the-minimum-wage-why-can-e2-80-99t-congress/ar-BBOgXkq,https://cdn.images2.rollcall.com/image/27cf5635a9671932facf9eaaf28bb860456d2c0d8fa9d892971ca7752284a2a3f694222a45edf4131ed6bf50844a038a/author/2018/10/GettyImages-954323434.jpg,indoor,0.8877233266830444
https://www.imangoss.net/2018/10/popular-apple-airpod-alternative-is-discounted-to-25-on-amazon/,https://www.imangoss.net/wp-content/uploads/2018/10/Intcrown-wireless-earbuds-amazon-696x696.jpg,black,0.820199728012085
https://www.themarketsdaily.com/2018/10/12/amazon-com-inc-amzn-stake-raised-by-dock-street-asset-management-inc.html,https://www.marketbeat.com/scripts/SECFilingChart.ashx?Prefix=NASDAQ&Symbol=AMZN,screenshot,0.6335121989250183
https://beebom.com/amazon-great-indian-festival-best-gaming-mice-deals-october-12/,https://i0.wp.com/beebom.com/wp-content/uploads/2018/10/4.-SteelSeries-Rival-110-62466-Optical-Gaming-Mouse.jpg?resize=640%2C382&ssl=1,helmet,0.46415257453918457
https://www.timeslifestyle.net/20181012/flipkart-and-amazons-festival-sale-offering-smartphones-with-great-discounts/,https://www.timeslifestyle.net/wp-content/uploads/2018/10/onenew-396525926_6-640x294.jpg,electronics,0.8195331692695618
https://www.timeslifestyle.net/20181012/flipkart-and-amazons-festival-sale-offering-smartphones-with-great-discounts/,https://www.timeslifestyle.net/wp-content/uploads/2018/10/onenew-396525926_6-640x294.jpg,display,0.29436394572257996
https://www.timeslifestyle.net/20181012/flipkart-and-amazons-festival-sale-offering-smartphones-with-great-discounts/,https://www.timeslifestyle.net/wp-content/uploads/2018/10/onenew-396525926_6-640x294.jpg,screenshot,0.20765694975852966
https://uproxx.com/tv/whats-on-tonight-the-romanoffs-amazon/,https://uproxx.files.wordpress.com/2018/10/181010-romanoffs-jpg.jpg?quality=95&w=650,person,0.9990056157112122
https://uproxx.com/tv/whats-on-tonight-the-romanoffs-amazon/,https://uproxx.files.wordpress.com/2018/10/181010-romanoffs-jpg.jpg?quality=95&w=650,building,0.9909194707870483
https://uproxx.com/tv/whats-on-tonight-the-romanoffs-amazon/,https://uproxx.files.wordpress.com/2018/10/181010-romanoffs-jpg.jpg?quality=95&w=650,man,0.976593017578125
https://uproxx.com/tv/whats-on-tonight-the-romanoffs-amazon/,https://uproxx.files.wordpress.com/2018/10/181010-romanoffs-jpg.jpg?quality=95&w=650,outdoor,0.9486664533615112
https://uproxx.com/tv/whats-on-tonight-the-romanoffs-amazon/,https://uproxx.files.wordpress.com/2018/10/181010-romanoffs-jpg.jpg?quality=95&w=650,standing,0.7532428503036499
https://uproxx.com/tv/whats-on-tonight-the-romanoffs-amazon/,https://uproxx.files.wordpress.com/2018/10/181010-romanoffs-jpg.jpg?quality=95&w=650,posing,0.4040803611278534
http://www.businessofapps.com/pocket-to-add-amazon-alexa-skill-following-app-redesign/,http://www.businessofapps.com/wp-content/uploads/2018/10/pocket-redesign.jpeg,different,0.43319201469421387
https://www.msn.com/en-gb/entertainment/tv/blake-lively-eyeing-tv-return-for-secret-amazon-series/ar-BBOgbz0,https://img-s-msn-com.akamaized.net/tenant/amp/entityid/BBOgbyX.img?h=315&w=600&m=6&q=60&o=t&l=f&f=jpg&x=473&y=297,person,0.9763758182525635
https://www.msn.com/en-gb/entertainment/tv/blake-lively-eyeing-tv-return-for-secret-amazon-series/ar-BBOgbz0,https://img-s-msn-com.akamaized.net/tenant/amp/entityid/BBOgbyX.img?h=315&w=600&m=6&q=60&o=t&l=f&f=jpg&x=473&y=297,clothing,0.9753502607345581
https://www.msn.com/en-gb/entertainment/tv/blake-lively-eyeing-tv-return-for-secret-amazon-series/ar-BBOgbz0,https://img-s-msn-com.akamaized.net/tenant/amp/entityid/BBOgbyX.img?h=315&w=600&m=6&q=60&o=t&l=f&f=jpg&x=473&y=297,wearing,0.7986357808113098
https://www.msn.com/en-gb/entertainment/tv/blake-lively-eyeing-tv-return-for-secret-amazon-series/ar-BBOgbz0,https://img-s-msn-com.akamaized.net/tenant/amp/entityid/BBOgbyX.img?h=315&w=600&m=6&q=60&o=t&l=f&f=jpg&x=473&y=297,sign,0.7564496994018555
https://www.msn.com/en-gb/entertainment/tv/blake-lively-eyeing-tv-return-for-secret-amazon-series/ar-BBOgbz0,https://img-s-msn-com.akamaized.net/tenant/amp/entityid/BBOgbyX.img?h=315&w=600&m=6&q=60&o=t&l=f&f=jpg&x=473&y=297,posing,0.728887677192688
https://www.msn.com/en-gb/entertainment/tv/blake-lively-eyeing-tv-return-for-secret-amazon-series/ar-BBOgbz0,https://img-s-msn-com.akamaized.net/tenant/amp/entityid/BBOgbyX.img?h=315&w=600&m=6&q=60&o=t&l=f&f=jpg&x=473&y=297,dressed,0.33771753311157227
https://www.cpcstrategy.com/blog/2018/10/amazon-holiday-calendar/,https://cdn-blog.cpcstrategy.com/wp-content/uploads/2018/10/11071538/EXHIBITION-40.png,tree,0.9930612444877625
https://www.cpcstrategy.com/blog/2018/10/amazon-holiday-calendar/,https://cdn-blog.cpcstrategy.com/wp-content/uploads/2018/10/11071538/EXHIBITION-40.png,red,0.9708230495452881
https://www.bizjournals.com/seattle/news/2018/10/12/facebook-amazon-google-bellevue-kirkland-redmond.html,https://media.bizj.us/view/img/11088376/webcrecover*1200xx4650-2616-0-353.png,outdoor,0.9905194044113159
https://www.bizjournals.com/seattle/news/2018/10/12/facebook-amazon-google-bellevue-kirkland-redmond.html,https://media.bizj.us/view/img/11088376/webcrecover*1200xx4650-2616-0-353.png,sky,0.9819172024726868
https://www.bizjournals.com/seattle/news/2018/10/12/facebook-amazon-google-bellevue-kirkland-redmond.html,https://media.bizj.us/view/img/11088376/webcrecover*1200xx4650-2616-0-353.png,water,0.9640267491340637
https://www.bizjournals.com/seattle/news/2018/10/12/facebook-amazon-google-bellevue-kirkland-redmond.html,https://media.bizj.us/view/img/11088376/webcrecover*1200xx4650-2616-0-353.png,nature,0.7844353914260864
https://www.cpcstrategy.com/blog/2018/10/what-is-the-amazon-accelerator-program/,https://cdn-blog.cpcstrategy.com/wp-content/uploads/2018/03/13124730/basic.jpg,screenshot,0.9952579140663147
https://www.cpcstrategy.com/blog/2018/10/what-is-the-amazon-accelerator-program/,https://cdn-blog.cpcstrategy.com/wp-content/uploads/2018/03/13124730/basic.jpg,abstract,0.9888772368431091
https://beebom.com/amazon-great-indian-festival-best-laptop-deals-october-12/,https://i1.wp.com/beebom.com/wp-content/uploads/2018/10/1.-HP-15-AMD-Ryzen-3.jpg?resize=640%2C391&ssl=1,laptop,0.9936006665229797
https://beebom.com/amazon-great-indian-festival-best-laptop-deals-october-12/,https://i1.wp.com/beebom.com/wp-content/uploads/2018/10/1.-HP-15-AMD-Ryzen-3.jpg?resize=640%2C391&ssl=1,electronics,0.9919978976249695
https://beebom.com/amazon-great-indian-festival-best-laptop-deals-october-12/,https://i1.wp.com/beebom.com/wp-content/uploads/2018/10/1.-HP-15-AMD-Ryzen-3.jpg?resize=640%2C391&ssl=1,computer,0.9744438529014587
https://beebom.com/amazon-great-indian-festival-best-laptop-deals-october-12/,https://i1.wp.com/beebom.com/wp-content/uploads/2018/10/1.-HP-15-AMD-Ryzen-3.jpg?resize=640%2C391&ssl=1,sitting,0.9566575884819031
https://beebom.com/amazon-great-indian-festival-best-laptop-deals-october-12/,https://i1.wp.com/beebom.com/wp-content/uploads/2018/10/1.-HP-15-AMD-Ryzen-3.jpg?resize=640%2C391&ssl=1,indoor,0.8982083797454834
https://beebom.com/amazon-great-indian-festival-best-laptop-deals-october-12/,https://i1.wp.com/beebom.com/wp-content/uploads/2018/10/1.-HP-15-AMD-Ryzen-3.jpg?resize=640%2C391&ssl=1,black,0.7091034650802612
https://beebom.com/amazon-great-indian-festival-best-laptop-deals-october-12/,https://i1.wp.com/beebom.com/wp-content/uploads/2018/10/1.-HP-15-AMD-Ryzen-3.jpg?resize=640%2C391&ssl=1,open,0.5931439995765686
https://beebom.com/amazon-great-indian-festival-best-laptop-deals-october-12/,https://i1.wp.com/beebom.com/wp-content/uploads/2018/10/1.-HP-15-AMD-Ryzen-3.jpg?resize=640%2C391&ssl=1,display,0.40452706813812256
https://beebom.com/amazon-great-indian-festival-best-laptop-deals-october-12/,https://i1.wp.com/beebom.com/wp-content/uploads/2018/10/1.-HP-15-AMD-Ryzen-3.jpg?resize=640%2C391&ssl=1,silver,0.16451315581798553
https://www.eater.com/2018/10/11/17963532/whole-foods-raises-minimum-wage-15-dollars-amazon,https://cdn.vox-cdn.com/thumbor/TmV9NBmuSRTWXg6hFcJ3dsi9YbA=/0x0:3000x2000/1200x800/filters:focal(1187x465:1667x945)/cdn.vox-cdn.com/uploads/chorus_image/image/61730903/488633883.jpg.0.jpg,building,0.9985474944114685
https://www.eater.com/2018/10/11/17963532/whole-foods-raises-minimum-wage-15-dollars-amazon,https://cdn.vox-cdn.com/thumbor/TmV9NBmuSRTWXg6hFcJ3dsi9YbA=/0x0:3000x2000/1200x800/filters:focal(1187x465:1667x945)/cdn.vox-cdn.com/uploads/chorus_image/image/61730903/488633883.jpg.0.jpg,outdoor,0.9869231581687927
https://www.eater.com/2018/10/11/17963532/whole-foods-raises-minimum-wage-15-dollars-amazon,https://cdn.vox-cdn.com/thumbor/TmV9NBmuSRTWXg6hFcJ3dsi9YbA=/0x0:3000x2000/1200x800/filters:focal(1187x465:1667x945)/cdn.vox-cdn.com/uploads/chorus_image/image/61730903/488633883.jpg.0.jpg,man,0.9181516170501709
https://english.manoramaonline.com/business/news/2018/10/12/flipkart-amazon-big-ticket-sale-season.html,https://img.manoramaonline.com/content/dam/mm/en/business/news/images/2018/10/12/flipkart-amazon.jpg,sign,0.26455873250961304
http://www.ironman.com/triathlon/news/articles/2018/10/kona-womens-pro-preview.aspx,http://www.ironman.com/~/media/bd2bfadd58d846129643826947ed4d87/1810%20womens%20preview.jpg?w=740&h=370&c=1,outdoor,0.998354971408844
http://www.ironman.com/triathlon/news/articles/2018/10/kona-womens-pro-preview.aspx,http://www.ironman.com/~/media/bd2bfadd58d846129643826947ed4d87/1810%20womens%20preview.jpg?w=740&h=370&c=1,road,0.9900561571121216
http://www.ironman.com/triathlon/news/articles/2018/10/kona-womens-pro-preview.aspx,http://www.ironman.com/~/media/bd2bfadd58d846129643826947ed4d87/1810%20womens%20preview.jpg?w=740&h=370&c=1,person,0.9455329179763794
http://www.ironman.com/triathlon/news/articles/2018/10/kona-womens-pro-preview.aspx,http://www.ironman.com/~/media/bd2bfadd58d846129643826947ed4d87/1810%20womens%20preview.jpg?w=740&h=370&c=1,orange,0.5382739901542664
https://finance.yahoo.com/news/amazon-adds-wage-hike-worth-222237496.html,https://s.yimg.com/uu/api/res/1.2/e07YCmiuDO_ax0floSqP3w--~B/aD0xMDgwO3c9MTkyMDtzbT0xO2FwcGlkPXl0YWNoeW9u/http://media.zenfs.com/en-US/homerun/gobankingrates_644/b340de14ac99fed92173a0fffa456690,indoor,0.9894792437553406
https://www.yahoo.com/news/usps-proposes-amazon-pay-12-173000498.html,https://s.yimg.com/uu/api/res/1.2/1ADfQcCXtBHrOtVvt7kyeQ--~B/aD0yMjU7dz00MDA7c209MTthcHBpZD15dGFjaHlvbg--/http://media.zenfs.com/en-US/video/video.cnbc2.com/4dafb37dc3057c88d2511d06406e0198,monitor,0.9000808596611023
https://www.yahoo.com/news/usps-proposes-amazon-pay-12-173000498.html,https://s.yimg.com/uu/api/res/1.2/1ADfQcCXtBHrOtVvt7kyeQ--~B/aD0yMjU7dz00MDA7c209MTthcHBpZD15dGFjaHlvbg--/http://media.zenfs.com/en-US/video/video.cnbc2.com/4dafb37dc3057c88d2511d06406e0198,screen,0.7073502540588379
https://www.yahoo.com/news/usps-proposes-amazon-pay-12-173000498.html,https://s.yimg.com/uu/api/res/1.2/1ADfQcCXtBHrOtVvt7kyeQ--~B/aD0yMjU7dz00MDA7c209MTthcHBpZD15dGFjaHlvbg--/http://media.zenfs.com/en-US/video/video.cnbc2.com/4dafb37dc3057c88d2511d06406e0198,screenshot,0.5075344443321228
https://fox4kc.com/2018/10/11/amazon-deliveryman-watches-truck-roll-into-ku-students-car-before-driving-away/,https://localtvwdaf.files.wordpress.com/2018/10/promo363568632.jpg?quality=85&strip=all&w=1200,grass,0.9998666048049927
https://fox4kc.com/2018/10/11/amazon-deliveryman-watches-truck-roll-into-ku-students-car-before-driving-away/,https://localtvwdaf.files.wordpress.com/2018/10/promo363568632.jpg?quality=85&strip=all&w=1200,outdoor,0.9871786832809448
https://fox4kc.com/2018/10/11/amazon-deliveryman-watches-truck-roll-into-ku-students-car-before-driving-away/,https://localtvwdaf.files.wordpress.com/2018/10/promo363568632.jpg?quality=85&strip=all&w=1200,plant,0.4051930606365204
https://mic.com/articles/191857/bernie-sanders-on-amazons-minimum-wage-its-a-huge-victory-for-hundreds-of-thousands-of-workers?mic_referral=homepage:featured:0,https://thumbs.mic.com/ZDhkMDNjMzI0ZSMvMElqbjNHdnc4d0d5MzI1ZXA4ZTRLbU53dXUwPS8weDA6MTkyMHgxMDgwLzgwMHg0NTAvZmlsdGVyczpmb3JtYXQoanBlZyk6cXVhbGl0eSg4MCkvaHR0cHM6Ly9zMy5hbWF6b25hd3MuY29tL3BvbGljeW1pYy1pbWFnZXMvdW9jbWh2bmMzNXZsY2Fnc3ppbWpxb2RwdGRuZ3BwaHd5bWhuaWs4a25paXNqbTF4dHR1OGJ5dmV3NWZqMjF2Zy5qcGc.jpg,person,0.9989515542984009
https://mic.com/articles/191857/bernie-sanders-on-amazons-minimum-wage-its-a-huge-victory-for-hundreds-of-thousands-of-workers?mic_referral=homepage:featured:0,https://thumbs.mic.com/ZDhkMDNjMzI0ZSMvMElqbjNHdnc4d0d5MzI1ZXA4ZTRLbU53dXUwPS8weDA6MTkyMHgxMDgwLzgwMHg0NTAvZmlsdGVyczpmb3JtYXQoanBlZyk6cXVhbGl0eSg4MCkvaHR0cHM6Ly9zMy5hbWF6b25hd3MuY29tL3BvbGljeW1pYy1pbWFnZXMvdW9jbWh2bmMzNXZsY2Fnc3ppbWpxb2RwdGRuZ3BwaHd5bWhuaWs4a25paXNqbTF4dHR1OGJ5dmV3NWZqMjF2Zy5qcGc.jpg,man,0.9823723435401917
https://mic.com/articles/191857/bernie-sanders-on-amazons-minimum-wage-its-a-huge-victory-for-hundreds-of-thousands-of-workers?mic_referral=homepage:featured:0,https://thumbs.mic.com/ZDhkMDNjMzI0ZSMvMElqbjNHdnc4d0d5MzI1ZXA4ZTRLbU53dXUwPS8weDA6MTkyMHgxMDgwLzgwMHg0NTAvZmlsdGVyczpmb3JtYXQoanBlZyk6cXVhbGl0eSg4MCkvaHR0cHM6Ly9zMy5hbWF6b25hd3MuY29tL3BvbGljeW1pYy1pbWFnZXMvdW9jbWh2bmMzNXZsY2Fnc3ppbWpxb2RwdGRuZ3BwaHd5bWhuaWs4a25paXNqbTF4dHR1OGJ5dmV3NWZqMjF2Zy5qcGc.jpg,wall,0.9652643799781799
https://mic.com/articles/191857/bernie-sanders-on-amazons-minimum-wage-its-a-huge-victory-for-hundreds-of-thousands-of-workers?mic_referral=homepage:featured:0,https://thumbs.mic.com/ZDhkMDNjMzI0ZSMvMElqbjNHdnc4d0d5MzI1ZXA4ZTRLbU53dXUwPS8weDA6MTkyMHgxMDgwLzgwMHg0NTAvZmlsdGVyczpmb3JtYXQoanBlZyk6cXVhbGl0eSg4MCkvaHR0cHM6Ly9zMy5hbWF6b25hd3MuY29tL3BvbGljeW1pYy1pbWFnZXMvdW9jbWh2bmMzNXZsY2Fnc3ppbWpxb2RwdGRuZ3BwaHd5bWhuaWs4a25paXNqbTF4dHR1OGJ5dmV3NWZqMjF2Zy5qcGc.jpg,indoor,0.9604142904281616
https://mic.com/articles/191857/bernie-sanders-on-amazons-minimum-wage-its-a-huge-victory-for-hundreds-of-thousands-of-workers?mic_referral=homepage:featured:0,https://thumbs.mic.com/ZDhkMDNjMzI0ZSMvMElqbjNHdnc4d0d5MzI1ZXA4ZTRLbU53dXUwPS8weDA6MTkyMHgxMDgwLzgwMHg0NTAvZmlsdGVyczpmb3JtYXQoanBlZyk6cXVhbGl0eSg4MCkvaHR0cHM6Ly9zMy5hbWF6b25hd3MuY29tL3BvbGljeW1pYy1pbWFnZXMvdW9jbWh2bmMzNXZsY2Fnc3ppbWpxb2RwdGRuZ3BwaHd5bWhuaWs4a25paXNqbTF4dHR1OGJ5dmV3NWZqMjF2Zy5qcGc.jpg,glasses,0.8807334899902344
https://medium.com/@bmd329/from-bookstore-to-smart-speaker-behemoth-how-amazon-conquered-the-bookstore-and-is-using-it-to-2f73e6eb10bf,https://cdn-images-1.medium.com/max/1600/1*a_xT80XRCcGbT2awYiQmpw.jpeg,indoor,0.9833697080612183
https://medium.com/@bmd329/from-bookstore-to-smart-speaker-behemoth-how-amazon-conquered-the-bookstore-and-is-using-it-to-2f73e6eb10bf,https://cdn-images-1.medium.com/max/1600/1*a_xT80XRCcGbT2awYiQmpw.jpeg,book,0.9533787369728088
https://medium.com/@bmd329/from-bookstore-to-smart-speaker-behemoth-how-amazon-conquered-the-bookstore-and-is-using-it-to-2f73e6eb10bf,https://cdn-images-1.medium.com/max/1600/1*a_xT80XRCcGbT2awYiQmpw.jpeg,shelf,0.7416571974754333
https://boingboing.net/2018/10/11/usps-says-amazon-should-pay-9.html,https://media.boingboing.net/wp-content/uploads/2018/05/bezos.jpg,person,0.9678084850311279
https://boingboing.net/2018/10/11/usps-says-amazon-should-pay-9.html,https://media.boingboing.net/wp-content/uploads/2018/05/bezos.jpg,indoor,0.9326235055923462
https://boingboing.net/2018/10/11/usps-says-amazon-should-pay-9.html,https://media.boingboing.net/wp-content/uploads/2018/05/bezos.jpg,wearing,0.7950940728187561
https://boingboing.net/2018/10/11/usps-says-amazon-should-pay-9.html,https://media.boingboing.net/wp-content/uploads/2018/05/bezos.jpg,eyes,0.6145666837692261
https://boingboing.net/2018/10/11/usps-says-amazon-should-pay-9.html,https://media.boingboing.net/wp-content/uploads/2018/05/bezos.jpg,staring,0.27555587887763977
https://boingboing.net/2018/10/11/usps-says-amazon-should-pay-9.html,https://media.boingboing.net/wp-content/uploads/2018/05/bezos.jpg,close,0.21839189529418945
https://tformers.com/transformers-siege-amazon-listings-reveal-at-least-one-unexpected-new-toy/34269/news.html,https://i.tformers.com/g/generated/34241/NYCC%202018%20-%20Siege%20Official%20Decepticon%20Images%20From%20IGN%20-%20Megatron%20Soundwave%20Shockwave%20Starscream%20REFRAKTOR__scaled_600.png,plastic,0.5396857857704163
http://www.aftvnews.com/how-to-cast-youtube-to-the-amazon-echo-show-from-an-iphone-or-android-phone/,https://i1.wp.com/www.aftvnews.com/wp-content/uploads/2018/10/Cast-YouTube-to-Amazon-Echo-Show.jpg?resize=646%2C363&quality=100,monitor,0.9584375619888306
http://www.aftvnews.com/how-to-cast-youtube-to-the-amazon-echo-show-from-an-iphone-or-android-phone/,https://i1.wp.com/www.aftvnews.com/wp-content/uploads/2018/10/Cast-YouTube-to-Amazon-Echo-Show.jpg?resize=646%2C363&quality=100,cellphone,0.8757954835891724
http://www.aftvnews.com/how-to-cast-youtube-to-the-amazon-echo-show-from-an-iphone-or-android-phone/,https://i1.wp.com/www.aftvnews.com/wp-content/uploads/2018/10/Cast-YouTube-to-Amazon-Echo-Show.jpg?resize=646%2C363&quality=100,phone,0.8541815876960754
http://www.aftvnews.com/how-to-cast-youtube-to-the-amazon-echo-show-from-an-iphone-or-android-phone/,https://i1.wp.com/www.aftvnews.com/wp-content/uploads/2018/10/Cast-YouTube-to-Amazon-Echo-Show.jpg?resize=646%2C363&quality=100,electronics,0.7418843507766724
http://www.aftvnews.com/how-to-cast-youtube-to-the-amazon-echo-show-from-an-iphone-or-android-phone/,https://i1.wp.com/www.aftvnews.com/wp-content/uploads/2018/10/Cast-YouTube-to-Amazon-Echo-Show.jpg?resize=646%2C363&quality=100,screenshot,0.2289447784423828
http://www.southcoasttoday.com/opinion/20181011/our-view-amazons-15hour-wage-will-help-both-workers-and-economy,http://www.southcoasttoday.com/storyimage/NB/20181011/OPINION/181019834/AR/0/AR-181019834.jpg&MaxH=200&MaxW=200,table,0.3075787425041199
http://www.southcoasttoday.com/opinion/20181011/our-view-amazons-15hour-wage-will-help-both-workers-and-economy,http://www.southcoasttoday.com/storyimage/NB/20181011/OPINION/181019834/AR/0/AR-181019834.jpg&MaxH=200&MaxW=200,worktable,0.11391119658946991
http://www.followingthenerd.com/tv/watch-trailer-arrives-for-amazon-primes-good-omens-and-its-nothing-short-of-heavenly/,http://www.followingthenerd.com/site/wp-content/uploads/good-omens-poster.jpg,person,0.9580297470092773
http://www.followingthenerd.com/tv/watch-trailer-arrives-for-amazon-primes-good-omens-and-its-nothing-short-of-heavenly/,http://www.followingthenerd.com/site/wp-content/uploads/good-omens-poster.jpg,text,0.9412257075309753
https://www.politico.com/story/2018/10/11/postal-service-price-hikes-amazon-2061453,https://static.politico.com/8b/5f/05e47e41425ea1d2116cad23cc37/181011-postal-service-gtty-773.jpg,rack,0.21550902724266052
https://amazonadviser.com/2018/10/11/nycc-2018-amazon/,https://imagesvc.timeincapp.com/v3/fan/image?url=https://amazonadviser.com/files/2018/10/GoodOmensPR-85-BLAKE-JONES-2018.jpg&,person,0.9996994733810425
https://amazonadviser.com/2018/10/11/nycc-2018-amazon/,https://imagesvc.timeincapp.com/v3/fan/image?url=https://amazonadviser.com/files/2018/10/GoodOmensPR-85-BLAKE-JONES-2018.jpg&,posing,0.9194596409797668
https://amazonadviser.com/2018/10/11/nycc-2018-amazon/,https://imagesvc.timeincapp.com/v3/fan/image?url=https://amazonadviser.com/files/2018/10/GoodOmensPR-85-BLAKE-JONES-2018.jpg&,people,0.723097026348114
https://amazonadviser.com/2018/10/11/nycc-2018-amazon/,https://imagesvc.timeincapp.com/v3/fan/image?url=https://amazonadviser.com/files/2018/10/GoodOmensPR-85-BLAKE-JONES-2018.jpg&,group,0.7091987729072571
https://amazonadviser.com/2018/10/11/nycc-2018-amazon/,https://imagesvc.timeincapp.com/v3/fan/image?url=https://amazonadviser.com/files/2018/10/GoodOmensPR-85-BLAKE-JONES-2018.jpg&,crowd,0.013496264815330505
https://www.gamespot.com/articles/amazons-deals-on-ps4-xbox-one-and-nintendo-switch-/1100-6462459/,https://static.gamespot.com/uploads/original/1165/11653967/3449900-preview_screenshot7_164390.jpg,outdoor,0.9469365477561951
https://www.apartmenttherapy.com/amazon-bath-caddy-coupon-code-263495,"https://cdn.apartmenttherapy.info/image/fetch/q_60,w_1024,c_fit/https://s3.amazonaws.com/pixtruder/original_images/8ff1afdaeccbb6aeb0b6896101eb1b1c266f0506",indoor,0.9034891724586487
https://www.apartmenttherapy.com/amazon-bath-caddy-coupon-code-263495,"https://cdn.apartmenttherapy.info/image/fetch/q_60,w_1024,c_fit/https://s3.amazonaws.com/pixtruder/original_images/8ff1afdaeccbb6aeb0b6896101eb1b1c266f0506",sink,0.6712542772293091
https://www.geekwire.com/2018/usps-wants-raise-rates-amazon-last-mile-delivery-9-12-amid-pressure-trump-increase-revenue/,https://cdn.geekwire.com/wp-content/uploads/2014/12/usps.png,road,0.9989839196205139
https://www.geekwire.com/2018/usps-wants-raise-rates-amazon-last-mile-delivery-9-12-amid-pressure-trump-increase-revenue/,https://cdn.geekwire.com/wp-content/uploads/2014/12/usps.png,building,0.9974585175514221
https://www.geekwire.com/2018/usps-wants-raise-rates-amazon-last-mile-delivery-9-12-amid-pressure-trump-increase-revenue/,https://cdn.geekwire.com/wp-content/uploads/2014/12/usps.png,truck,0.9923851490020752
https://www.geekwire.com/2018/usps-wants-raise-rates-amazon-last-mile-delivery-9-12-amid-pressure-trump-increase-revenue/,https://cdn.geekwire.com/wp-content/uploads/2014/12/usps.png,outdoor,0.9921799898147583
https://www.geekwire.com/2018/usps-wants-raise-rates-amazon-last-mile-delivery-9-12-amid-pressure-trump-increase-revenue/,https://cdn.geekwire.com/wp-content/uploads/2014/12/usps.png,transport,0.8633160591125488
https://www.geekwire.com/2018/usps-wants-raise-rates-amazon-last-mile-delivery-9-12-amid-pressure-trump-increase-revenue/,https://cdn.geekwire.com/wp-content/uploads/2014/12/usps.png,van,0.5322961211204529
https://www.geekwire.com/2018/usps-wants-raise-rates-amazon-last-mile-delivery-9-12-amid-pressure-trump-increase-revenue/,https://cdn.geekwire.com/wp-content/uploads/2014/12/usps.png,blue,0.467680424451828
https://finance-commerce.com/2018/10/amazon-prepares-brooklyn-park-sorting-center/,https://finance-commerce.com/files/2018/10/Amazon-sorting-facility.jpg,sky,0.9999014139175415
https://finance-commerce.com/2018/10/amazon-prepares-brooklyn-park-sorting-center/,https://finance-commerce.com/files/2018/10/Amazon-sorting-facility.jpg,grass,0.999887228012085
https://finance-commerce.com/2018/10/amazon-prepares-brooklyn-park-sorting-center/,https://finance-commerce.com/files/2018/10/Amazon-sorting-facility.jpg,outdoor,0.9989296793937683
https://finance-commerce.com/2018/10/amazon-prepares-brooklyn-park-sorting-center/,https://finance-commerce.com/files/2018/10/Amazon-sorting-facility.jpg,road,0.9791625738143921
https://finance-commerce.com/2018/10/amazon-prepares-brooklyn-park-sorting-center/,https://finance-commerce.com/files/2018/10/Amazon-sorting-facility.jpg,residential,0.3735048472881317
https://finance-commerce.com/2018/10/amazon-prepares-brooklyn-park-sorting-center/,https://finance-commerce.com/files/2018/10/Amazon-sorting-facility.jpg,empty,0.3611729145050049
https://finance-commerce.com/2018/10/amazon-prepares-brooklyn-park-sorting-center/,https://finance-commerce.com/files/2018/10/Amazon-sorting-facility.jpg,day,0.10298743844032288
http://www.aftvnews.com/amazon-echo-show-software-update-adds-web-browser-smart-home-dashboard-nbc-hulu-and-more/,https://i2.wp.com/www.aftvnews.com/wp-content/uploads/2018/10/Echo-Show-Update.jpg?resize=646%2C363&quality=100,monitor,0.9610394835472107
http://www.aftvnews.com/amazon-echo-show-software-update-adds-web-browser-smart-home-dashboard-nbc-hulu-and-more/,https://i2.wp.com/www.aftvnews.com/wp-content/uploads/2018/10/Echo-Show-Update.jpg?resize=646%2C363&quality=100,screenshot,0.46930158138275146
https://www.avsforum.com/the-best-noise-cancelling-headphones-under-200-on-amazon/,https://www.avsforum.com/wordpress/wp-content/uploads/2018/10/Headphones-Under-200-Cover-Shot.jpg,abstract,0.5947499871253967
https://www.avsforum.com/the-best-noise-cancelling-headphones-under-200-on-amazon/,https://www.avsforum.com/wordpress/wp-content/uploads/2018/10/Headphones-Under-200-Cover-Shot.jpg,sunset,0.4401915967464447
https://www.avsforum.com/the-best-noise-cancelling-headphones-under-200-on-amazon/,https://www.avsforum.com/wordpress/wp-content/uploads/2018/10/Headphones-Under-200-Cover-Shot.jpg,blur,0.15606963634490967
http://dennismichaellynch.com/report-wikileaks-outs-amazons-alleged-data-center-locations/,http://dennismichaellynch.com/wp-content/uploads/2018/10/Screen-Shot-2018-01-18-at-8.55.46-AM-3.png,indoor,0.9429407119750977
https://www.business.com/articles/taxation-amazon-fba-international-sellers/,https://img.purch.com/rc/300x211/aHR0cHM6Ly93d3cuYnVzaW5lc3MuY29tL2ltYWdlcy9jb250ZW50LzViYi9mOWI2ZDUxZWU0N2E5NjQ4YjQ1YTUvMTUwMC0wLQ==,music,0.8351806402206421
https://www.business.com/articles/taxation-amazon-fba-international-sellers/,https://img.purch.com/rc/300x211/aHR0cHM6Ly93d3cuYnVzaW5lc3MuY29tL2ltYWdlcy9jb250ZW50LzViYi9mOWI2ZDUxZWU0N2E5NjQ4YjQ1YTUvMTUwMC0wLQ==,piano,0.5325823426246643
https://www.pocketyourdollars.com/2018/10/amazon-2018-lego-city-advent-calendar-21-97/,https://h2savecom.files.wordpress.com/2018/09/lego-advent-calendar.jpg?w=1200&h=630,indoor,0.9863104820251465
https://www.pocketyourdollars.com/2018/10/amazon-2018-lego-city-advent-calendar-21-97/,https://h2savecom.files.wordpress.com/2018/09/lego-advent-calendar.jpg?w=1200&h=630,person,0.9842572212219238
https://www.pocketyourdollars.com/2018/10/amazon-2018-lego-city-advent-calendar-21-97/,https://h2savecom.files.wordpress.com/2018/09/lego-advent-calendar.jpg?w=1200&h=630,wall,0.9676800966262817
https://www.motorauthority.com/news/1119313_new-amazon-prime-show-the-gymkhana-files-goes-behind-the-scenes-with-ken-blocks-viral-video-series,https://images.hgmsites.net/lrg/scene-from-ken-blocks-gymkhana-nine-raw-industrial-playground_100564915_l.jpg,tree,0.999796450138092
https://www.motorauthority.com/news/1119313_new-amazon-prime-show-the-gymkhana-files-goes-behind-the-scenes-with-ken-blocks-viral-video-series,https://images.hgmsites.net/lrg/scene-from-ken-blocks-gymkhana-nine-raw-industrial-playground_100564915_l.jpg,outdoor,0.9920686483383179
https://www.motorauthority.com/news/1119313_new-amazon-prime-show-the-gymkhana-files-goes-behind-the-scenes-with-ken-blocks-viral-video-series,https://images.hgmsites.net/lrg/scene-from-ken-blocks-gymkhana-nine-raw-industrial-playground_100564915_l.jpg,traveling,0.2619763910770416
https://www.washingtonpost.com/entertainment/tv/amazons-the-romanoffs-is-a-classic-tv-anthology-series/2018/10/11/67802f36-cd91-11e8-ad0a-0e01efba3cc1_story.html,https://www.washingtonpost.com/resizer/tka-Og03wQozMFMQxlKf0ledZa8=/480x0/arc-anglerfish-washpost-prod-washpost.s3.amazonaws.com/public/M2WDC7GNSEI6RLIKBYA67OR4YE.jpg,person,0.998040497303009
https://www.washingtonpost.com/entertainment/tv/amazons-the-romanoffs-is-a-classic-tv-anthology-series/2018/10/11/67802f36-cd91-11e8-ad0a-0e01efba3cc1_story.html,https://www.washingtonpost.com/resizer/tka-Og03wQozMFMQxlKf0ledZa8=/480x0/arc-anglerfish-washpost-prod-washpost.s3.amazonaws.com/public/M2WDC7GNSEI6RLIKBYA67OR4YE.jpg,indoor,0.971369743347168
https://www.washingtonpost.com/entertainment/tv/amazons-the-romanoffs-is-a-classic-tv-anthology-series/2018/10/11/67802f36-cd91-11e8-ad0a-0e01efba3cc1_story.html,https://www.washingtonpost.com/resizer/tka-Og03wQozMFMQxlKf0ledZa8=/480x0/arc-anglerfish-washpost-prod-washpost.s3.amazonaws.com/public/M2WDC7GNSEI6RLIKBYA67OR4YE.jpg,music,0.8522595167160034
https://www.washingtonpost.com/entertainment/tv/amazons-the-romanoffs-is-a-classic-tv-anthology-series/2018/10/11/67802f36-cd91-11e8-ad0a-0e01efba3cc1_story.html,https://www.washingtonpost.com/resizer/tka-Og03wQozMFMQxlKf0ledZa8=/480x0/arc-anglerfish-washpost-prod-washpost.s3.amazonaws.com/public/M2WDC7GNSEI6RLIKBYA67OR4YE.jpg,dressed,0.3595687448978424
https://www.washingtonpost.com/entertainment/tv/amazons-the-romanoffs-is-a-classic-tv-anthology-series/2018/10/11/67802f36-cd91-11e8-ad0a-0e01efba3cc1_story.html,https://www.washingtonpost.com/resizer/tka-Og03wQozMFMQxlKf0ledZa8=/480x0/arc-anglerfish-washpost-prod-washpost.s3.amazonaws.com/public/M2WDC7GNSEI6RLIKBYA67OR4YE.jpg,concert band,0.16136494278907776
https://amazonadviser.com/2018/10/11/the-romanoffs-amazon-prime-time/,https://imagesvc.timeincapp.com/v3/fan/image?url=https://amazonadviser.com/wp-content/blogs.dir/366/files/2018/09/TR_103_The_Royal_We_13897_RT2_fnl_rgb-850x560.jpg&c=sc&w=850&h=560,person,0.9996788501739502
https://amazonadviser.com/2018/10/11/the-romanoffs-amazon-prime-time/,https://imagesvc.timeincapp.com/v3/fan/image?url=https://amazonadviser.com/wp-content/blogs.dir/366/files/2018/09/TR_103_The_Royal_We_13897_RT2_fnl_rgb-850x560.jpg&c=sc&w=850&h=560,indoor,0.9518839716911316
https://amazonadviser.com/2018/10/11/the-romanoffs-amazon-prime-time/,https://imagesvc.timeincapp.com/v3/fan/image?url=https://amazonadviser.com/wp-content/blogs.dir/366/files/2018/09/TR_103_The_Royal_We_13897_RT2_fnl_rgb-850x560.jpg&c=sc&w=850&h=560,dressed,0.28005725145339966
https://finance-commerce.com/2018/10/strategies-for-businesses-worried-about-amazon-wage-hike/,https://finance-commerce.com/files/2018/10/SmallBiz.jpg,scene,0.9738447666168213
https://finance-commerce.com/2018/10/strategies-for-businesses-worried-about-amazon-wage-hike/,https://finance-commerce.com/files/2018/10/SmallBiz.jpg,library,0.9202983975410461
https://finance-commerce.com/2018/10/strategies-for-businesses-worried-about-amazon-wage-hike/,https://finance-commerce.com/files/2018/10/SmallBiz.jpg,indoor,0.8593890070915222
https://finance-commerce.com/2018/10/strategies-for-businesses-worried-about-amazon-wage-hike/,https://finance-commerce.com/files/2018/10/SmallBiz.jpg,shelf,0.7956274151802063
https://finance-commerce.com/2018/10/strategies-for-businesses-worried-about-amazon-wage-hike/,https://finance-commerce.com/files/2018/10/SmallBiz.jpg,room,0.5174534320831299
https://finance-commerce.com/2018/10/strategies-for-businesses-worried-about-amazon-wage-hike/,https://finance-commerce.com/files/2018/10/SmallBiz.jpg,store,0.3387860357761383
https://finance-commerce.com/2018/10/strategies-for-businesses-worried-about-amazon-wage-hike/,https://finance-commerce.com/files/2018/10/SmallBiz.jpg,shop,0.14064869284629822
http://www.gardencentermag.com/article/2018-ppa-includes--inside-look-at-amazon/,http://www.gardencentermag.com/fileuploads/publications/13/issues/103396/Cover_GC_October%202018.jpg,screenshot,0.6944983601570129
http://www.gardencentermag.com/article/2018-ppa-includes--inside-look-at-amazon/,http://www.gardencentermag.com/fileuploads/publications/13/issues/103396/Cover_GC_October%202018.jpg,display,0.45849812030792236
https://countrymusictattletale.com/2018/10/11/margo-price-releases-video-for-amazon-original-leftovers/,https://countrymusictattletale.com/wp-content/uploads/2018/10/Margo-Price-500x331.jpg,person,0.8609781861305237
https://screenrant.com/aquaman-wonder-woman-atlantis-amazon-future-dc-movies/,https://static3.srcdn.com/wordpress/wp-content/uploads/2018/06/Wonder-Woman-and-Aquaman.jpg,outdoor,0.9939555525779724
https://screenrant.com/aquaman-wonder-woman-atlantis-amazon-future-dc-movies/,https://static3.srcdn.com/wordpress/wp-content/uploads/2018/06/Wonder-Woman-and-Aquaman.jpg,water,0.9717564582824707
https://screenrant.com/aquaman-wonder-woman-atlantis-amazon-future-dc-movies/,https://static3.srcdn.com/wordpress/wp-content/uploads/2018/06/Wonder-Woman-and-Aquaman.jpg,person,0.9715084433555603
https://www.chicagobusiness.com/joe-cahill-business/sears-biggest-mistake,https://crain-platform-ccb-prod.s3.amazonaws.com/s3fs-public/styles/width_792/public/sears-main_i_0.jpg,building,0.9996771812438965
https://www.chicagobusiness.com/joe-cahill-business/sears-biggest-mistake,https://crain-platform-ccb-prod.s3.amazonaws.com/s3fs-public/styles/width_792/public/sears-main_i_0.jpg,outdoor,0.9975818395614624
https://www.chicagobusiness.com/joe-cahill-business/sears-biggest-mistake,https://crain-platform-ccb-prod.s3.amazonaws.com/s3fs-public/styles/width_792/public/sears-main_i_0.jpg,roof,0.10422631353139877
https://www.androidheadlines.com/2018/10/costco-amazon-prime-video-streaming-service.html,https://www.androidheadlines.com/wp-content/uploads/2018/10/Costco-AH-01-1600x900.jpg,indoor,0.9653782248497009
https://www.androidheadlines.com/2018/10/costco-amazon-prime-video-streaming-service.html,https://www.androidheadlines.com/wp-content/uploads/2018/10/Costco-AH-01-1600x900.jpg,electronics,0.8314831256866455
http://opticxllyaroused.com/2018/10/11/amazon-fashion-sale-up-to-90-off-on-mens-womens-kids-fashion.html,https://i.gadgets360cdn.com/large/prime-howto_1531588031511_1538992342888.jpg,tableware,0.4895069897174835
http://opticxllyaroused.com/2018/10/11/amazon-fashion-sale-up-to-90-off-on-mens-womens-kids-fashion.html,https://i.gadgets360cdn.com/large/prime-howto_1531588031511_1538992342888.jpg,dishware,0.48609766364097595
http://opticxllyaroused.com/2018/10/11/amazon-fashion-sale-up-to-90-off-on-mens-womens-kids-fashion.html,https://i.gadgets360cdn.com/large/prime-howto_1531588031511_1538992342888.jpg,plate,0.36344262957572937
http://opticxllyaroused.com/2018/10/11/amazon-fashion-sale-up-to-90-off-on-mens-womens-kids-fashion.html,https://i.gadgets360cdn.com/large/prime-howto_1531588031511_1538992342888.jpg,vector graphics,0.23080097138881683
https://www.bizjournals.com/southflorida/news/2018/10/11/amazon-air-takes-off-at-miami-international.html,https://media.bizj.us/view/img/10520065/amazonwynwood03*1200xx4000-2250-0-210.jpg,indoor,0.8609899878501892
https://www.bizjournals.com/southflorida/news/2018/10/11/amazon-air-takes-off-at-miami-international.html,https://media.bizj.us/view/img/10520065/amazonwynwood03*1200xx4000-2250-0-210.jpg,marketplace,0.510543704032898
https://www.bizjournals.com/southflorida/news/2018/10/11/amazon-air-takes-off-at-miami-international.html,https://media.bizj.us/view/img/10520065/amazonwynwood03*1200xx4000-2250-0-210.jpg,store,0.41640323400497437
https://www.bizjournals.com/southflorida/news/2018/10/11/amazon-air-takes-off-at-miami-international.html,https://media.bizj.us/view/img/10520065/amazonwynwood03*1200xx4000-2250-0-210.jpg,shop,0.2479688674211502
https://www.bizjournals.com/southflorida/news/2018/10/11/amazon-air-takes-off-at-miami-international.html,https://media.bizj.us/view/img/10520065/amazonwynwood03*1200xx4000-2250-0-210.jpg,cluttered,0.10611692070960999
https://www.cnet.com/news/facebook-portal-plus-vs-google-home-hub-vs-amazon-echo-show-touchscreen-smart-display-comparison/,https://cnet1.cbsistatic.com/img/R0kKfwWJAyGlooU_jPU3c4f52pM=/724x407/2018/10/01/eee7fd11-be74-404d-8d30-d7b8ac563c46/google-home-hub-2159.jpg,ground,0.9989905953407288
https://www.cnet.com/news/facebook-portal-plus-vs-google-home-hub-vs-amazon-echo-show-touchscreen-smart-display-comparison/,https://cnet1.cbsistatic.com/img/R0kKfwWJAyGlooU_jPU3c4f52pM=/724x407/2018/10/01/eee7fd11-be74-404d-8d30-d7b8ac563c46/google-home-hub-2159.jpg,seat,0.43758317828178406
https://www.geekwire.com/2018/alive-stream-rare-corpse-plant-blooming-amazon-spheres-sight-not-smell-twitch/,https://cdn.geekwire.com/wp-content/uploads/2018/10/Screen-Shot-2018-10-11-at-11.45.54-AM.png,tree,0.9971248507499695
https://www.geekwire.com/2018/alive-stream-rare-corpse-plant-blooming-amazon-spheres-sight-not-smell-twitch/,https://cdn.geekwire.com/wp-content/uploads/2018/10/Screen-Shot-2018-10-11-at-11.45.54-AM.png,outdoor,0.9342743158340454
